{"Agra": ["Civil Lines", "Dayal Bagh", "Jeoni Mandi", "Maharishi Puram Colony", "Shamshabad Road", "Shastripuram", "Taj Nagari"], "Bangalore": ["Bannerghatta Road", "Hebbal", "Jigani", "Kalkere", "Sarjapur Road", "Soukya Road", "Tumkur Road", "Whitefield", "Yelahanka"], "Bhubaneswar": ["Gothapatna", "Hanspal", "Janla", "Jharapada", "Khandagiri", "Pahala", "Patia", "Patrapada", "Phulnakhara"], "Chennai": ["Chitlapakkam", "ECR", "Iyyappanthangal", "Kandigai", "Maduravoyal", "Mahindra City", "Maraimalai Nagar, GST Road", "Mogappair West", "New perungalathur", "Pattabiram", "Perumbakkam", "Perungudi", "Sholinganallur", "Siruseri", "Sriperumbudur", "T Nagar", "Thaiyur", "Thiruporur", "Valasaravakkam"], "Coimbatore": ["Ettimadai", "GN Mills", "Ganapathy", "Karamadai", "Singanallur", "Sulur", "Thudiyalur", "Vellakinar"], "Delhi": ["Anand Vihar", "Chattarpur", "Greater Kailash 2", "Janakpuri", "Karol Bagh", "Model Town", "Moti Nagar", "Paschim Vihar", "Sector 8 Dwarka", "Surajmal Vihar"], "Gandhinagar": ["Gift City", "Koba", "Koba, Raysan", "Kudasan", "Randesan", "Sargasan"], "Guntur": ["Sattenapalle"], "Gurgaon": ["Rosewood City", "Sector 103", "Sector 49", "Sector 65", "South City 2", "Uppals Southend"], "Hyderabad": ["Bangalore Highway", "Bowrampet", "KPHB", "Kokapet", "Kompally", "Kondapur", "Kothur", "Manikonda", "Mokila", "Mominpet", "Nadargul", "Nagole", "Nallagandla", "Nawabpet", "Patancheru", "Shankarpally", "Tellapur"], "Jaipur": ["C Scheme", "Jagatpura", "Mansarovar", "Tonk Road", "Vaishali Nagar", "Vaishali Nagar Extension"], "Jalpaiguri": ["Ambari falakata", "Chalsa", "Gairkata", "Goshala", "Hakimpara", "Kirat Bhumi", "Mansarovar Township (Siliguri WB)", "Maynaguri", "Rajbari Para", "Uttar Kamakhyaguri"], "Kakinada": ["Ashok Nagar", "Atchampeta", "Cheediga", "Chitrada", "Gandhi Nagar", "Kovvada", "Madhavapatnam", "Nadakuduru", "Narasanna Nagar", "Pallamraju Nagar", "RTC colony", "Rama Rao Peta", "Ramanayapeta", "Rameswaram", "SBI Employees Colony", "SBI Staff Colony, Srinivasa Nagar", "Santhi Nagar", "Santinagar", "Sarpavaram", "Sasikanth Nagar", "Suresh Nagar", "Thimmapuram", "Turangi", "Vakalapudi", "Vidyut Nagar"], "Kanyakumari": ["Kulasekharam", "Madhavalayam, Azad Nagar", "Mandaikadu", "Marthandam", "Near Shri Shirdi Sai Baba Temple, Pothayadi junction.", "Putheri", "Thiruppathisaram", "Thuckalay"], "Kochi": ["Chakkaraparambu", "Chalikavattom", "Nagpal Sapphire Heights", "Vennala", "good earth hamlet", "sheetal apartments"], "Lucknow": ["Budheshwar", "Gomti Nagar Extension", "Kanpur Road", "Sultanpur Road", "Sushant Golf City"], "Mumbai": ["Asalpha", "Badlapur Vangani", "Kandivali East", "Kandivali West", "Mahalaxmi", "Mahim West", "Malad West", "Matunga", "Nalanda Nagar", "Prabhadevi", "Santacruz East", "Santacruz West", "Sewri", "Wadala", "Worli", "nallasopara"], "Navi Mumbai": ["Chirle", "Panvel"], "Noida": ["Block G Sector 44", "Central Noida", "Noida Greater Noida Expressway", "Sector 115", "Sector 122", "Sector 146", "Sector 152", "Sector 39", "Sector 43", "Sector 44", "Sector 45", "Sector 75", "Sector 94", "sector 121"], "Patna": ["Bihta", "Sonepur"], "Pune": ["Ghorpadi", "Hinjewadi", "Katraj", "Kirkatwadi", "Mahalunge", "Manjari Khurd", "Punawale", "Sinhgad Road", "Undri"], "Thane": ["Dombivli East"], "Vijayawada": ["Ambapuram", "Gannavaram", "Pamarru", "Penamaluru", "Poranki", "Ramavarappadu", "Sri Ramachandra Nagar", "Tadigadapa"], "Vikarabad": ["Tandur"], "Visakhapatnam": ["Anakapalle", "Anandapuram", "Bheemili", "Bhogapuram", "Dakamarri", "Gajuwaka", "Kancharapalem", "Kommadi", "Maddilapalem", "Madhurawada", "Muralinagar", "Narsipatnam", "Pedagantyada", "Sector 9 MVP Colony", "Shivaji Palem", "Thagarapuvalasa", "Yendada", "balacheruvu road"], "Vizianagaram": ["Modavalasa"]}